run,optimiser,objective,best_metric_name,best_metric_value,best_score,evals,total_return,cagr,sharpe_ratio,sortino_ratio,calmar_ratio,car_mdd_ratio,ulcer_index,max_drawdown
dehb_composite_b100,dehb(native),composite,composite,,-0.6044328492676794,100,0.2185703727532442,0.10911829457513278,0.736048057590158,1.061753795134235,0.9081375996623298,0.9081375996623298,0.04821070563131351,-0.12015612459577263
dehb_sharpe_b100,dehb(native),sharpe,Sharpe ratio,0.32793772416096434,-0.28793772416096436,100,0.11005468847974043,0.056224664727492435,0.32793772416096434,0.4570602633939484,0.281151736414336,0.281151736414336,0.05615320563062052,-0.19997978829706964
nevergrad_sortino_b100,nevergrad(NGOpt),sortino,Sortino ratio,2.3807946809596117,-2.3607946809596116,100,2.7297899157629377,0.25805199034958615,0.5337398548302927,2.3807946809596117,0.42988649182641153,0.26427674385155825,0.23464023866421502,-0.9764460791696886
tpe_ulcer_b100,tpe(optuna),ulcer,Ulcer index,0.042632654296374,0.062632654296374,100,0.5825894038999633,0.08334983037518762,0.4687097410674295,0.674240282963784,0.4143713281340874,0.2858835231021513,0.042632654296374,-0.2915517112380248
