{
  "DE_params": {
    "mutation_factor": 0.5,
    "crossover_prob": 0.5,
    "strategy": "rand1_bin",
    "configspace": true,
    "boundary_fix_type": "random",
    "max_age": Infinity,
    "dimensions": 57,
    "output_path": "checkpoints\\dehb",
    "async_strategy": "immediate"
  },
  "HB_params": {
    "min_fidelity": 0.2,
    "max_fidelity": 1.0,
    "min_clip": null,
    "max_clip": null,
    "eta": 3
  },
  "internals": {
    "initial_configs": [
      {
        "config_id": 0,
        "config": [
          0.0,
          0.0,
          0.0,
          0.5,
          0.6666666666666666,
          0.0,
          0.6923076923076923,
          0.5,
          0.0,
          0.2,
          0.2,
          0.14285714285714285,
          0.0,
          0.875,
          0.47058823529411764,
          0.45263157894736844,
          0.6,
          0.6666666666666666,
          1.0,
          0.0,
          0.10526315789473684,
          0.6666666666666666,
          0.5,
          0.0,
          0.05263157894736842,
          0.4,
          0.0,
          0.5714285714285714,
          0.8,
          0.0,
          0.5714285714285714,
          0.0,
          0.0,
          0.0,
          0.0,
          0.0,
          0.0,
          0.0,
          0.0,
          0.0,
          0.0,
          0.0,
          0.0,
          0.0,
          0.0,
          0.0,
          0.6666666666666666,
          0.0,
          0.0,
          0.0,
          0.0,
          0.0,
          0.0,
          0.0,
          0.0,
          0.0,
          0.0
        ],
        "results": {
          "0.3333333333333333": {
            "score": Infinity,
            "cost": -1,
            "info": {}
          }
        }
      },
      {
        "config_id": 1,
        "config": [
          0.0,
          0.0,
          0.3333333333333333,
          0.0,
          0.3333333333333333,
          0.0,
          0.07692307692307693,
          0.75,
          0.75,
          0.6222222222222222,
          0.4,
          0.42857142857142855,
          0.0,
          0.9,
          0.7647058823529411,
          0.8526315789473684,
          0.0,
          0.6666666666666666,
          0.5,
          0.0,
          0.7473684210526316,
          0.0,
          0.5,
          0.0,
          0.49473684210526314,
          0.2,
          0.0,
          0.5714285714285714,
          0.0,
          0.0,
          0.0,
          0.0,
          0.0,
          0.0,
          0.0,
          0.0,
          0.5,
          0.0,
          0.0,
          0.0,
          0.0,
          0.0,
          0.0,
          0.0,
          0.0,
          0.0,
          0.0,
          0.0,
          0.0,
          0.0,
          0.0,
          0.0,
          0.0,
          0.0,
          0.0,
          0.0,
          0.0
        ],
        "results": {
          "0.3333333333333333": {
            "score": Infinity,
            "cost": -1,
            "info": {}
          }
        }
      },
      {
        "config_id": 2,
        "config": [
          0.0,
          0.0,
          0.0,
          0.5,
          0.3333333333333333,
          0.0,
          0.3076923076923077,
          0.5,
          0.3,
          0.1111111111111111,
          0.2,
          0.8095238095238095,
          0.5,
          0.2,
          0.47058823529411764,
          0.3684210526315789,
          0.8,
          0.0,
          1.0,
          0.0,
          0.021052631578947368,
          0.0,
          1.0,
          0.0,
          0.7368421052631579,
          0.2,
          0.0,
          0.5714285714285714,
          0.8,
          0.0,
          0.14285714285714285,
          0.0,
          0.0,
          0.0,
          0.0,
          0.0,
          0.5,
          0.0,
          0.0,
          0.0,
          0.0,
          0.0,
          0.5,
          0.0,
          0.0,
          0.0,
          0.0,
          0.0,
          0.0,
          0.0,
          0.0,
          0.0,
          0.0,
          0.0,
          0.0,
          0.47058823529411764,
          0.0
        ],
        "results": {
          "0.3333333333333333": {
            "score": Infinity,
            "cost": -1,
            "info": {}
          }
        }
      },
      {
        "config_id": 3,
        "config": [
          0.0,
          0.0,
          0.0,
          0.0,
          0.0,
          0.0,
          0.38461538461538464,
          0.0,
          0.55,
          0.6444444444444445,
          0.4,
          0.7142857142857143,
          0.0,
          0.3,
          0.5882352941176471,
          0.4631578947368421,
          0.2,
          0.6666666666666666,
          0.5,
          0.0,
          0.14736842105263157,
          0.0,
          0.5,
          0.0,
          0.49473684210526314,
          0.0,
          0.0,
          0.14285714285714285,
          0.0,
          0.0,
          0.0,
          0.0,
          0.0,
          0.0,
          0.0,
          0.6666666666666666,
          0.0,
          0.0,
          0.0,
          0.0,
          0.0,
          0.0,
          0.0,
          0.0,
          0.0,
          0.0,
          0.0,
          0.0,
          0.0,
          0.0,
          0.0,
          0.0,
          0.0,
          0.0,
          0.0,
          0.0,
          0.0
        ],
        "results": {
          "1.0": {
            "score": Infinity,
            "cost": -1,
            "info": {}
          }
        }
      },
      {
        "config_id": 4,
        "config": [
          0.0,
          0.0,
          0.6666666666666666,
          0.5,
          0.3333333333333333,
          0.0,
          0.8461538461538461,
          0.5,
          0.4,
          0.3111111111111111,
          0.4,
          0.2857142857142857,
          0.75,
          0.35,
          0.9411764705882353,
          0.30526315789473685,
          0.8,
          0.6666666666666666,
          0.5,
          0.0,
          0.2,
          0.6666666666666666,
          0.5,
          0.0,
          0.10526315789473684,
          0.8,
          0.0,
          0.8571428571428571,
          0.8,
          0.0,
          0.8571428571428571,
          0.0,
          0.0,
          0.0,
          0.0,
          0.0,
          0.0,
          0.3333333333333333,
          0.0,
          0.0,
          0.0,
          0.0,
          0.5,
          0.0,
          0.0,
          0.0,
          0.3333333333333333,
          0.0,
          0.0,
          0.0,
          0.0,
          0.0,
          0.0,
          0.0,
          0.0,
          0.7058823529411765,
          0.0
        ],
        "results": {
          "1.0": {
            "score": Infinity,
            "cost": -1,
            "info": {}
          }
        }
      }
    ]
  }
}