{
  "summary": {
    "optimiser_name": "dehb(native)",
    "objective": "composite",
    "seed": 123,
    "best_score": -0.6044328492676794,
    "best_metric_name": "composite",
    "best_metric_value": null,
    "n_evaluations": 100,
    "runtime_seconds": 0.5099327564239502
  },
  "best_metrics": {
    "total_return": 0.2185703727532442,
    "cagr": 0.10911829457513278,
    "sharpe_ratio": 0.736048057590158,
    "calmar_ratio": 0.9081375996623298,
    "car_mdd_ratio": 0.9081375996623298,
    "sortino_ratio": 1.061753795134235,
    "ulcer_index": 0.04821070563131351,
    "max_drawdown": -0.12015612459577263,
    "n_trades": 57,
    "win_rate": 0.6842105263157895,
    "avg_return_per_trade": 0.003761303256588736,
    "equity_curve": [
      9985.002498750624,
      10048.22245243496,
      10090.616115054398,
      10116.772864063792,
      10101.600232696948,
      10124.487261254588,
      10108.982527348368,
      10182.812233173996,
      10213.338099091732,
      10198.020644001592,
      10295.322068697657,
      10278.00044223599,
      10305.763946388013,
      10290.30787562184,
      10312.1708032115,
      10308.162062355963,
      10312.534425474956,
      10388.357744847044,
      10372.777804021314,
      10266.276931021084,
      10271.382588349026,
      10259.710924354958,
      10184.651078462912,
      10169.37664673554,
      10369.936812233218,
      10436.199910094461,
      10420.548217975424,
      10577.237493291153,
      10735.239232352946,
      10719.13905597299,
      10863.951873363269,
      10967.093127606358,
      10950.64522831803,
      10882.01257331121,
      10827.82838257474,
      10841.876317189577,
      11014.863483084908,
      11142.898238101821,
      11003.625380365303,
      10892.046637341618,
      10733.509160577969,
      10788.896165142303,
      10913.720558608473,
      10941.414673321306,
      10937.400802736876,
      10990.38095478415,
      11181.830455534258,
      11167.782520919422,
      11207.409735088482,
      11190.601420938057,
      11178.395078557474,
      11145.844004379995,
      10994.885200391434,
      11013.603247700174,
      10992.443931915317,
      10873.942869422604,
      10857.634672245627,
      11154.986533970296,
      11175.470055280051,
      11158.709642668413,
      11301.434125220047,
      11057.25574355376,
      11199.119602329736,
      11319.059857576707,
      11408.478143097016,
      11153.981459608241,
      11209.007592264395,
      11387.412539490695,
      11327.658223774368,
      11420.944068579189,
      11387.412539490695,
      11481.128696183345,
      11583.21820955,
      11565.846276593047,
      11501.61999861905,
      11403.994801679082,
      11402.283041747727,
      11248.568306599062,
      11276.399432383734,
      11391.15006875907,
      11401.854448421404,
      11314.079057865061,
      11334.203343897725,
      11257.988212969394,
      11067.493557796313,
      11050.895082950263,
      11088.320978738084,
      11088.320978738084,
      11195.6050780124,
      11300.394286770008,
      11334.909053948806,
      11340.31507307454,
      11262.138452834715,
      11309.542641670807,
      11299.979317696272,
      11271.70177680925,
      11356.531861433165,
      11324.928222863387,
      11356.115623340855,
      11332.82913250583,
      11305.80030589574,
      11175.644684860135,
      11324.928222863387,
      11255.484988450626,
      11366.096454426275,
      11420.154107646456,
      11428.471255381211,
      11429.517883107828,
      11412.376462234663,
      11446.149417994324,
      11461.388097399986,
      11476.215769863578,
      11439.559480999613,
      11468.390298238732,
      11402.492185193576,
      11379.015770319033,
      11335.358537518285,
      11354.716084658387,
      11283.463569248655,
      11304.056651018893,
      11060.938159604206,
      11044.349516217413,
      10952.763827839823,
      11015.449491259396,
      11031.323697962103,
      11054.931906615751,
      11015.855694060225,
      11105.8128446033,
      11199.841960837863,
      11300.788946790506,
      11341.493697180547,
      11258.455658565952,
      11360.624979552282,
      11366.320493265372,
      11349.273852685517,
      11395.230676040092,
      11419.225578976086,
      11376.115924055544,
      11363.101360760307,
      11384.250336399336,
      11441.593351215908,
      11539.201334793124,
      11511.952170464787,
      11433.867272967496,
      11374.082941538132,
      11430.205918616843,
      11411.091166632295,
      11473.31681467445,
      11522.526658284301,
      11564.82336842529,
      11603.051631257315,
      11598.171480305868,
      11582.310989713666,
      11504.631944037616,
      11461.522289117074,
      11534.727035662918,
      11448.507725821837,
      11541.234317310538,
      11581.903896755355,
      11606.712985607968,
      11633.960908799238,
      11627.047775330377,
      11611.593136559415,
      11681.544862849983,
      11773.864361380374,
      11779.558698248442,
      11808.235221967729,
      11790.52581971829,
      11790.932773223925,
      11770.604949332734,
      11738.893593690955,
      11703.523378634189,
      11680.756315133009,
      11701.084139024199,
      11739.706259990315,
      11742.55245310594,
      11812.073263414475,
      11814.106790230739,
      11751.496745246539,
      11815.326410035734,
      11827.92956159132,
      11923.876294816022,
      11859.233963727465,
      11819.79793575008,
      11808.821357505125,
      11773.451142448359,
      11806.382117895135,
      11807.60173770013,
      11848.664338988145,
      11841.7523329519,
      11848.25738548251,
      11755.56255816716,
      11689.700607273608,
      11689.700607273608,
      11672.62468929177,
      11335.075168785404,
      11318.075388384843,
      11475.422471493088,
      11410.901059141128,
      11553.023362526608,
      11535.696714295254,
      11368.941246873674,
      11362.765397679732,
      11311.710035635337,
      11223.110266460133,
      11206.278405435822,
      11421.594478652789,
      11404.464940906444,
      11341.21778456645,
      11509.44663323985,
      11682.169018022098,
      11664.64868357778,
      11595.489975331306,
      11659.526009310106,
      11733.380068029797,
      11932.477365551105,
      11914.581631131305,
      11798.080625115557,
      11577.408121227627,
      11514.591507999034,
      11497.322497946307,
      11617.43594057191,
      11647.67845294816,
      11450.469091318528,
      11238.3516503266,
      11276.685783073439,
      11201.295278676032,
      11382.318799847095,
      11420.652932593934,
      11683.882117295416,
      11658.326895369986,
      11729.457762826923,
      11820.098987699272,
      11802.371792765698,
      11784.448159313406,
      11510.35064454299,
      11532.20853888481,
      11534.831379477828,
      11592.97279142307,
      11589.038530533542,
      11374.83143280371,
      11265.050755113287,
      11248.15599383588,
      11079.53802869533,
      10899.00254763615,
      10667.553871634198,
      10651.555206382438,
      11069.709651449537,
      11053.107853016754,
      11038.83519710522,
      11135.619348123108,
      11147.215370632961,
      10880.947854290589,
      11245.783943918637,
      11334.540236404555,
      11428.945771938781,
      11411.805209089413,
      11452.101308887324,
      11456.529704173476,
      11386.564572179208,
      11517.194800659872,
      11545.092204470464,
      11632.768214896316,
      11758.89860685229,
      11741.263197197537,
      11765.855671203455,
      11772.114655737947,
      11871.823131187899,
      11781.505179297217,
      11765.855671203455,
      11952.304366377217,
      12057.378075572455,
      12071.647298736903,
      12053.542844192421,
      12104.120052954291,
      12088.147804004624,
      11972.798840580375,
      11987.438827686654,
      11994.093367280415,
      12148.48545547889,
      12187.969959684973,
