{
  "summary": {
    "optimiser_name": "dehb(native)",
    "objective": "sharpe",
    "seed": 42,
    "best_score": -0.28793772416096436,
    "best_metric_name": "Sharpe ratio",
    "best_metric_value": 0.32793772416096434,
    "n_evaluations": 100,
    "runtime_seconds": 0.5394525527954102
  },
  "best_metrics": {
    "total_return": 0.11005468847974043,
    "cagr": 0.056224664727492435,
    "sharpe_ratio": 0.32793772416096434,
    "calmar_ratio": 0.281151736414336,
    "car_mdd_ratio": 0.281151736414336,
    "sortino_ratio": 0.4570602633939484,
    "ulcer_index": 0.05615320563062052,
    "max_drawdown": -0.19997978829706964,
    "n_trades": 61,
    "win_rate": 0.6229508196721312,
    "avg_return_per_trade": 0.0019550788405111267,
    "equity_curve": [
      9985.002498750624,
      10048.222055609564,
      10090.615321403604,
      10116.771673587602,
      10101.599044006174,
      10124.485668411422,
      10108.980534870505,
      10182.80983054914,
      10213.335291415598,
      10198.01784053627,
      10295.31883319281,
      10277.996806201825,
      10305.759897430496,
      10290.303832736749,
      10312.166342778113,
      10308.157194538815,
      10312.529146981256,
      10388.352027604942,
      10372.772095353646,
      10266.270868730076,
      10219.156063444943,
      10203.829882862037,
      9975.909429370064,
      9960.948057957,
      10157.397204711111,
      10222.301797503611,
      10206.970899105656,
      10360.448299030522,
      10515.21126272631,
      10499.441073321294,
      10641.285410085018,
      10742.312278261721,
      10726.20149408028,
      10658.975103361438,
      10605.901042100133,
      10619.660624850496,
      10789.101830417037,
      10914.511966884591,
      10778.093210577823,
      10668.800952154656,
      10442.496111720247,
      10426.834976872036,
      10547.468203751727,
      10574.23212449918,
      10570.352597941557,
      10621.553623265283,
      10632.355469997156,
      10616.409593552647,
      10547.729915070011,
      10493.548310974063,
      10482.10173443138,
      10451.577457242047,
      10393.484125781544,
      10377.896496665368,
      10357.95840774307,
      10123.692319646769,
      10108.509310825551,
      10385.344900867962,
      10404.414754500849,
      10388.810732172886,
      10521.687478357762,
      10294.355853072337,
      10426.43135450731,
      10538.095878784212,
      10621.344306862056,
      10384.406294445507,
      10435.635467769074,
      10601.730893013731,
      10546.098933457195,
      10632.948077270901,
      10601.729654392928,
      10688.979420581589,
      10784.024820895052,
      10767.851478322584,
      10708.056115739531,
      10617.166219270972,
      10615.572135645292,
      10393.44247373084,
      10377.854907082332,
      10483.458670858383,
      10493.309421183487,
      10412.529955100075,
      10431.049776758256,
      10360.90913354678,
      10338.053350078411,
      10472.028510714135,
      10507.493246251419,
      10507.492833813227,
      10609.155891977056,
      10698.979791125406,
      10682.933994846964,
      10688.028767171243,
      10614.346532978328,
      10659.024765625187,
      10650.010866006114,
      10623.35873434664,
      10703.311038963086,
      10673.52404555696,
      10702.917883598522,
      10680.969838642439,
      10655.494625700518,
      10532.82195383385,
      10673.52192274351,
      10608.070943239825,
      10712.322313573553,
      10763.271465769325,
      10771.10998965668,
      10861.251491991454,
      10860.075344766816,
      10892.212934371455,
      10906.7134879913,
      10920.822931427567,
      10885.940741134471,
      10913.375440091326,
      10850.66701609511,
      10828.326664899843,
      10786.782444874258,
      10805.202472719124,
      10737.39885183594,
      10756.994602342751,
      10610.415170997983,
      10633.930395729816,
      10545.74718335437,
      10606.103312901316,
      10621.387282943919,
      10644.117895197383,
      10606.493149396822,
      10693.107483745758,
      10783.642488375323,
      10880.838326681773,
      10920.030252258086,
      10840.07709851626,
      10938.44985554026,
      10947.071795850376,
      10937.273283752935,
      10981.560406216213,
      11004.683324708863,
      10963.13910468328,
      10950.596841022762,
      10970.97720400794,
      11026.23694061231,
      11060.561269501153,
      11043.97319135534,
      10969.06106983468,
      10911.705815785126,
      10965.54762781841,
      10947.20922241539,
      11006.905705005162,
      11054.115319560382,
      11094.692736637538,
      11131.367040010371,
      11126.684769773581,
      11111.46837905413,
      11036.945616344123,
      10995.587413123612,
      11065.81682549632,
      10983.100857966465,
      11072.058786341411,
      11111.075196076783,
      11134.875654003865,
      11161.015836894034,
      11154.38320050481,
      11139.55616859601,
      11206.664756984874,
      11295.232135849441,
      11300.694627284664,
      11361.560377006117,
      11315.519151760252,
      11315.90926235947,
      11296.400399125041,
      11265.966865897572,
      11232.021959175883,
      11210.172180278641,
      11229.680165690746,
      11266.745018573954,
      11269.476044835985,
      11336.194083714474,
      11338.145201655474,
      11278.058482432727,
      11339.314781664558,
      11351.409470577844,
      11443.488222936632,
      11381.451137561451,
      11343.604307835163,
      11333.069748441338,
      11299.124841719648,
      11330.7279549562,
      11331.897973876448,
      11371.304933122197,
      11364.671106033245,
      11370.913505789495,
      11281.954699592226,
      11218.747156385638,
      11218.746717474476,
      11202.35867822389,
      10847.304678489329,
      10598.40071706132,
      10582.505764261772,
      10523.003605350368,
      10753.32977357496,
      10755.249444144436,
      10599.77787323468,
      10594.019522243645,
      10546.41864820152,
      10327.938346822886,
      10312.449019996891,
      10510.59075404402,
      10494.827494247475,
      10436.624610080382,
      10591.434853163084,
      10750.380221089068,
      10734.257337009365,
      10670.614413187326,
      10729.542402366344,
      10797.505314668097,
      10980.721861390044,
      10964.253522406521,
      10857.044406987041,
      10666.492215532833,
      10650.495142499944,
      10577.607838945778,
      10688.113292359532,
      10715.936360531361,
      10534.500846218594,
      10316.354985511658,
      10300.883030833238,
      10232.01721360841,
      10397.372623436788,
      10432.388503007023,
      10589.075501841431,
      10573.194534534572,
      10637.705162748425,
      10778.703151296884,
      10429.103823753905,
      10216.339229889292,
      10201.017273852862,
      10220.387876769259,
      10222.711897773172,
      10274.237854294352,
      10270.750809262765,
      10080.914758713487,
      9841.360379260495,
      9826.600797802146,
      9679.292579066003,
      9417.870113736552,
      9403.74566185683,
      9155.021870733755,
      9618.05358325536,
      9691.966866319424,
      9751.69633721782,
      9737.071229417723,
      9747.210568911578,
      9514.382091085066,
      9833.399552740357,
      9911.00892611262,
      10004.217375126142,
      10035.80929085805,
      10020.758084620236,
      10024.632611410834,
      9963.411471978747,
      10077.714858787695,
      10102.125187567162,
      10178.84286573223,
      10306.742972853548,
      10291.28543379231,
      10312.840471194791,
      10318.326098519408,
      10405.720747769634,
      10326.55612900234,
      10312.838835203844,
      10476.261791185208,
      10568.359098996474,
      10580.865747036596,
      10564.997092310532,
      10609.327876165915,
      10595.327691582754,
      10494.223266110517,
      10507.054876054557,
      10512.887197006055,
      10648.212297931856,
      10682.820264778777,
